Rank,Task,Model,Params,Preprocess,Deriv,Window,Poly,LVs,n_vars,full_vars,SubsetTag,RMSE,R2,CompositeScore,top_vars
1,regression,NeuralBoosted,"{'n_estimators': 100, 'learning_rate': 0.1, 'hidden_layer_size': 5, 'activation': 'identity'}",raw,,,,,100,500,top100,14.54152603827571,0.5177018514269159,-0.9814167789536548,N/A
2,regression,NeuralBoosted,"{'n_estimators': 100, 'learning_rate': 0.2, 'hidden_layer_size': 3, 'activation': 'identity'}",raw,,,,,100,500,top100,15.532253905741447,0.439813693943268,-0.899805891951398,N/A
3,regression,NeuralBoosted,"{'n_estimators': 100, 'learning_rate': 0.1, 'hidden_layer_size': 3, 'activation': 'identity'}",raw,,,,,100,500,top100,15.715214920203406,0.44280256663249357,-0.8904779028973895,N/A
4,regression,NeuralBoosted,"{'n_estimators': 100, 'learning_rate': 0.2, 'hidden_layer_size': 5, 'activation': 'identity'}",raw,,,,,100,500,top100,16.37123380621252,0.3529509634713268,-0.8237842219660676,N/A
5,regression,PLS,{'n_components': 6},raw,,,,6,100,500,top100,17.387618939865096,0.31576187140545275,-0.7301816378214926,N/A
6,regression,NeuralBoosted,"{'n_estimators': 100, 'learning_rate': 0.2, 'hidden_layer_size': 3, 'activation': 'identity'}",raw,,,,,50,500,top50,18.26753428945571,0.24963076949982319,-0.6967167170761774,N/A
7,regression,NeuralBoosted,"{'n_estimators': 100, 'learning_rate': 0.1, 'hidden_layer_size': 5, 'activation': 'identity'}",raw,,,,,50,500,top50,18.352139980544973,0.2487896350783035,-0.6916682217940475,N/A
8,regression,PLS,{'n_components': 4},raw,,,,4,100,500,top100,17.933312097109333,0.2652239172826711,-0.6907055304437408,N/A
9,regression,PLS,{'n_components': 6},snv,,,,6,100,500,top100,18.073620742740342,0.2597245464163574,-0.6729762755555188,N/A
10,regression,NeuralBoosted,"{'n_estimators': 100, 'learning_rate': 0.1, 'hidden_layer_size': 3, 'activation': 'identity'}",raw,,,,,50,500,top50,18.879808356499904,0.20636450851647944,-0.6478904980707292,N/A
11,regression,PLS,{'n_components': 2},raw,,,,2,50,500,top50,19.184848808366088,0.17622177636181435,-0.6127259744422832,N/A
12,regression,PLS,{'n_components': 4},raw,,,,4,50,500,top50,19.087536153353412,0.18290847525516976,-0.6124234637270134,N/A
13,regression,PLS,{'n_components': 2},deriv,1,7,2,2,50,500,top50,19.240696161069767,0.17433825772910835,-0.6089543848761082,N/A
14,regression,PLS,{'n_components': 4},deriv,1,7,2,4,50,500,top50,19.24153668538273,0.17231288528457345,-0.6002374117324175,N/A
15,regression,NeuralBoosted,"{'n_estimators': 100, 'learning_rate': 0.1, 'hidden_layer_size': 3, 'activation': 'tanh'}",snv_deriv,1,7,2,,50,500,top50,19.472585886253736,0.15706592498875702,-0.5981693102743506,N/A
16,regression,PLS,{'n_components': 2},raw,,,,2,100,500,top100,19.21153928824959,0.17272736630357652,-0.596054758186119,N/A
17,regression,PLS,{'n_components': 2},deriv,1,7,2,2,100,500,top100,19.302600396012846,0.1670665477851285,-0.5890489094158605,N/A
18,regression,PLS,{'n_components': 4},snv,,,,4,100,500,top100,19.265466505154325,0.16238170817219963,-0.5815938807095629,N/A
19,regression,PLS,{'n_components': 4},deriv,1,7,2,4,500,500,full,18.901016727781826,0.20194910594218765,-0.581192336581695,N/A
20,regression,PLS,{'n_components': 2},snv_deriv,1,7,2,2,100,500,top100,19.47242956334201,0.15531445777203748,-0.57558803862462,N/A
21,regression,NeuralBoosted,"{'n_estimators': 100, 'learning_rate': 0.2, 'hidden_layer_size': 3, 'activation': 'tanh'}",deriv,1,7,2,,50,500,top50,19.769428835706545,0.13716378371275376,-0.5748524985785395,N/A
22,regression,NeuralBoosted,"{'n_estimators': 100, 'learning_rate': 0.1, 'hidden_layer_size': 3, 'activation': 'tanh'}",deriv,1,7,2,,100,500,top100,19.640266953852112,0.14058313115681945,-0.569254547470665,N/A
23,regression,PLS,{'n_components': 2},snv_deriv,1,7,2,2,50,500,top50,19.73228812756239,0.13566465550168025,-0.5684510390793537,N/A
24,regression,NeuralBoosted,"{'n_estimators': 100, 'learning_rate': 0.2, 'hidden_layer_size': 5, 'activation': 'identity'}",snv,,,,,100,500,top100,19.43898187636016,0.09895682178372027,-0.5668423244056555,N/A
25,regression,PLS,{'n_components': 2},deriv,1,7,2,2,500,500,full,19.15675279311805,0.17664053540373836,-0.5664059550300482,N/A
26,regression,PLS,{'n_components': 2},raw,,,,2,500,500,full,19.204564362787163,0.17281889032695488,-0.5624467185045959,N/A
27,regression,PLS,{'n_components': 2},snv,,,,2,100,500,top100,19.678299666029897,0.13947894479999023,-0.5587450655828834,N/A
28,regression,PLS,{'n_components': 4},snv_deriv,1,7,2,4,500,500,full,19.156250667081,0.1756834642423437,-0.5581178626651194,N/A
29,regression,PLS,{'n_components': 6},snv_deriv,1,7,2,6,500,500,full,19.06347194091894,0.18048423048662565,-0.556936227661445,N/A
30,regression,PLS,{'n_components': 4},raw,,,,4,500,500,full,19.176321452945242,0.17548328138876124,-0.5569200089012415,N/A
31,regression,NeuralBoosted,"{'n_estimators': 100, 'learning_rate': 0.2, 'hidden_layer_size': 3, 'activation': 'tanh'}",deriv,1,7,2,,100,500,top100,19.870472932210248,0.12019289255165096,-0.5495336409361553,N/A
32,regression,PLS,{'n_components': 4},snv_deriv,1,7,2,4,50,500,top50,19.94650390457976,0.12177962303866001,-0.543782324252106,N/A
33,regression,NeuralBoosted,"{'n_estimators': 100, 'learning_rate': 0.1, 'hidden_layer_size': 5, 'activation': 'identity'}",snv,,,,,100,500,top100,19.86448174679981,0.09672736105796424,-0.542113827812873,N/A
34,regression,NeuralBoosted,"{'n_estimators': 100, 'learning_rate': 0.1, 'hidden_layer_size': 3, 'activation': 'tanh'}",deriv,1,7,2,,500,500,full,19.582064442530896,0.14301727457322175,-0.5393093928415217,N/A
35,regression,PLS,{'n_components': 2},snv_deriv,1,7,2,2,500,500,full,19.488231450067076,0.15003971223942292,-0.5389216783814169,N/A
36,regression,PLS,{'n_components': 2},snv,,,,2,500,500,full,19.500297117174508,0.15012619098239285,-0.5382699556657194,N/A
37,regression,NeuralBoosted,"{'n_estimators': 100, 'learning_rate': 0.2, 'hidden_layer_size': 5, 'activation': 'identity'}",raw,,,,,50,500,top50,20.235862186663567,0.09751661140998562,-0.5354458409235234,N/A
38,regression,PLS,{'n_components': 6},deriv,1,7,2,6,500,500,full,19.344948686950854,0.15849445313557256,-0.5337956611150408,N/A
39,regression,NeuralBoosted,"{'n_estimators': 100, 'learning_rate': 0.1, 'hidden_layer_size': 3, 'activation': 'tanh'}",snv,,,,,500,500,full,19.68911636813388,0.140040736853265,-0.5322893291904535,N/A
40,regression,NeuralBoosted,"{'n_estimators': 100, 'learning_rate': 0.1, 'hidden_layer_size': 5, 'activation': 'tanh'}",deriv,1,7,2,,500,500,full,19.689795820209184,0.13735127267927028,-0.5313618916108215,N/A
41,regression,NeuralBoosted,"{'n_estimators': 100, 'learning_rate': 0.2, 'hidden_layer_size': 3, 'activation': 'tanh'}",deriv,1,7,2,,500,500,full,19.704416812004776,0.1292032935520614,-0.5278438067219257,N/A
42,regression,NeuralBoosted,"{'n_estimators': 100, 'learning_rate': 0.1, 'hidden_layer_size': 3, 'activation': 'tanh'}",deriv,1,7,2,,50,500,top50,20.421497290373406,0.07519881380207398,-0.5176007807574017,N/A
43,regression,NeuralBoosted,"{'n_estimators': 100, 'learning_rate': 0.2, 'hidden_layer_size': 5, 'activation': 'tanh'}",deriv,1,7,2,,100,500,top100,20.222346894656056,0.07491274274891908,-0.514724073775755,N/A
44,regression,PLS,{'n_components': 6},snv,,,,6,500,500,full,19.58851535794244,0.13635397414109854,-0.5127428001722772,N/A
45,regression,PLS,{'n_components': 4},snv_deriv,1,7,2,4,100,500,top100,20.152482754507083,0.08862863343844922,-0.5071977278410451,N/A
46,regression,PLS,{'n_components': 6},raw,,,,6,500,500,full,19.650844669685924,0.12641585706330682,-0.5059429094107012,N/A
47,regression,PLS,{'n_components': 4},snv,,,,4,500,500,full,19.77154911280118,0.11984577494203985,-0.5049650473281645,N/A
48,regression,NeuralBoosted,"{'n_estimators': 100, 'learning_rate': 0.2, 'hidden_layer_size': 3, 'activation': 'identity'}",raw,,,,,500,500,full,19.98405706186384,0.10538737729149443,-0.5042030744289173,N/A
49,regression,NeuralBoosted,"{'n_estimators': 100, 'learning_rate': 0.2, 'hidden_layer_size': 3, 'activation': 'tanh'}",snv,,,,,500,500,full,19.982109599214926,0.10225263253125094,-0.5032765450076728,N/A
50,regression,NeuralBoosted,"{'n_estimators': 100, 'learning_rate': 0.1, 'hidden_layer_size': 5, 'activation': 'tanh'}",deriv,1,7,2,,50,500,top50,20.57288132527924,0.05766587498929961,-0.5032687949371459,N/A
51,regression,NeuralBoosted,"{'n_estimators': 100, 'learning_rate': 0.1, 'hidden_layer_size': 3, 'activation': 'identity'}",raw,,,,,500,500,full,20.00605107920137,0.10481831522219683,-0.5027748307575651,N/A
52,regression,NeuralBoosted,"{'n_estimators': 100, 'learning_rate': 0.2, 'hidden_layer_size': 3, 'activation': 'identity'}",snv,,,,,100,500,top100,20.39963548254887,0.0687359818571545,-0.502685793871495,N/A
53,regression,PLS,{'n_components': 8},snv_deriv,1,7,2,8,500,500,full,19.629404135937342,0.12355532338264219,-0.49820613326971996,N/A
54,regression,PLS,{'n_components': 8},snv,,,,8,100,500,top100,20.123017890264546,0.08685559177935964,-0.4922729176660633,N/A
55,regression,PLS,{'n_components': 8},deriv,1,7,2,8,500,500,full,19.741625039274393,0.11408130297691739,-0.4887465766597745,N/A
56,regression,PLS,{'n_components': 8},raw,,,,8,500,500,full,19.757474291421335,0.11489317169038597,-0.4881213310859339,N/A
57,regression,NeuralBoosted,"{'n_estimators': 100, 'learning_rate': 0.1, 'hidden_layer_size': 5, 'activation': 'tanh'}",snv,,,,,100,500,top100,20.568979613098183,0.04837872334397023,-0.4864074334665201,N/A
58,regression,PLS,{'n_components': 4},deriv,1,7,2,4,100,500,top100,20.448021481621257,0.06792227389576273,-0.4836885819130306,N/A
59,regression,PLS,{'n_components': 6},deriv,1,7,2,6,50,500,top50,20.486053181980846,0.053992870507606816,-0.4829502430673644,N/A
60,regression,PLS,{'n_components': 10},raw,,,,10,500,500,full,19.75997124783246,0.11484595081662115,-0.4799649312903941,N/A
61,regression,NeuralBoosted,"{'n_estimators': 100, 'learning_rate': 0.1, 'hidden_layer_size': 3, 'activation': 'tanh'}",snv,,,,,100,500,top100,20.667003017913956,0.044659338867843866,-0.4796508527210484,N/A
62,regression,NeuralBoosted,"{'n_estimators': 100, 'learning_rate': 0.1, 'hidden_layer_size': 5, 'activation': 'identity'}",raw,,,,,500,500,full,20.278280799036025,0.08128469886298224,-0.47964526217674563,N/A
63,regression,PLS,{'n_components': 8},raw,,,,8,100,500,top100,20.251998470268447,0.06994391439388843,-0.47940951822412736,N/A
64,regression,NeuralBoosted,"{'n_estimators': 100, 'learning_rate': 0.2, 'hidden_layer_size': 5, 'activation': 'tanh'}",raw,,,,,500,500,full,20.357627854143004,0.07863688174059591,-0.474295987715842,N/A
65,regression,PLS,{'n_components': 12},raw,,,,12,500,500,full,19.75854382487069,0.11501391588175287,-0.4721009439595172,N/A
66,regression,NeuralBoosted,"{'n_estimators': 100, 'learning_rate': 0.1, 'hidden_layer_size': 5, 'activation': 'tanh'}",snv,,,,,500,500,full,20.341930812508384,0.06867286131738275,-0.47188698233751813,N/A
67,regression,PLS,{'n_components': 10},deriv,1,7,2,10,500,500,full,19.84453592285246,0.10200831088716371,-0.47095274675620735,N/A
68,regression,PLS,{'n_components': 12},deriv,1,7,2,12,500,500,full,19.855169662670047,0.10085838568433965,-0.4619730112991912,N/A
69,regression,NeuralBoosted,"{'n_estimators': 100, 'learning_rate': 0.2, 'hidden_layer_size': 5, 'activation': 'identity'}",raw,,,,,500,500,full,20.486357149175863,0.062311812822511005,-0.46164068742706377,N/A
70,regression,NeuralBoosted,"{'n_estimators': 100, 'learning_rate': 0.2, 'hidden_layer_size': 5, 'activation': 'tanh'}",snv,,,,,100,500,top100,20.835298767552434,0.014067825793254421,-0.46004819633943933,N/A
71,regression,NeuralBoosted,"{'n_estimators': 100, 'learning_rate': 0.2, 'hidden_layer_size': 5, 'activation': 'tanh'}",deriv,1,7,2,,500,500,full,20.554356650133926,0.06883713374723184,-0.4599638417644717,N/A
72,regression,PLS,{'n_components': 16},raw,,,,16,500,500,full,19.758260621579403,0.11503479729568833,-0.4561238154548455,N/A
73,regression,NeuralBoosted,"{'n_estimators': 100, 'learning_rate': 0.1, 'hidden_layer_size': 3, 'activation': 'tanh'}",snv_deriv,1,7,2,,500,500,full,20.586163166776945,0.04289045784161016,-0.44959258017853077,N/A
74,regression,NeuralBoosted,"{'n_estimators': 100, 'learning_rate': 0.2, 'hidden_layer_size': 3, 'activation': 'tanh'}",raw,,,,,500,500,full,20.683967455819555,0.048864769407547436,-0.4460530554045128,N/A
75,regression,PLS,{'n_components': 16},deriv,1,7,2,16,500,500,full,19.868399776371696,0.09948657121891176,-0.4447735257317945,N/A
76,regression,NeuralBoosted,"{'n_estimators': 100, 'learning_rate': 0.2, 'hidden_layer_size': 3, 'activation': 'tanh'}",snv,,,,,100,500,top100,21.065358027700686,-0.0003271221153966127,-0.4423175840935413,N/A
77,regression,PLS,{'n_components': 20},raw,,,,20,500,500,full,19.75825926533722,0.1150349242327755,-0.44012393389034443,N/A
78,regression,PLS,{'n_components': 8},snv,,,,8,500,500,full,20.348084722963605,0.06361799870076945,-0.43786887983933775,N/A
79,regression,NeuralBoosted,"{'n_estimators': 100, 'learning_rate': 0.2, 'hidden_layer_size': 3, 'activation': 'tanh'}",raw,,,,,100,500,top100,21.209555286605934,0.009768310825438165,-0.4375246595689109,N/A
80,regression,NeuralBoosted,"{'n_estimators': 100, 'learning_rate': 0.2, 'hidden_layer_size': 5, 'activation': 'tanh'}",snv,,,,,500,500,full,20.802594962458624,0.036127049052634086,-0.4351533004127638,N/A
81,regression,NeuralBoosted,"{'n_estimators': 100, 'learning_rate': 0.2, 'hidden_layer_size': 3, 'activation': 'tanh'}",snv_deriv,1,7,2,,100,500,top100,21.26757641161036,-0.003358410692539726,-0.42991354096886886,N/A
82,regression,NeuralBoosted,"{'n_estimators': 100, 'learning_rate': 0.1, 'hidden_layer_size': 3, 'activation': 'tanh'}",raw,,,,,100,500,top100,21.322544420325357,0.005090016463573321,-0.4296072368636629,N/A
83,regression,PLS,{'n_components': 20},deriv,1,7,2,20,500,500,full,19.868121095680518,0.09950227082559075,-0.428794429137213,N/A
84,regression,PLS,{'n_components': 24},raw,,,,24,500,500,full,19.758259272679208,0.11503492348054918,-0.42412393322768943,N/A
85,regression,NeuralBoosted,"{'n_estimators': 100, 'learning_rate': 0.2, 'hidden_layer_size': 5, 'activation': 'tanh'}",deriv,1,7,2,,50,500,top50,21.501479185640278,-0.03438930443385461,-0.42047748814262814,N/A
86,regression,NeuralBoosted,"{'n_estimators': 100, 'learning_rate': 0.2, 'hidden_layer_size': 3, 'activation': 'tanh'}",snv_deriv,1,7,2,,500,500,full,20.958406586189017,0.015690074808546933,-0.41961160504874984,N/A
87,regression,PLS,{'n_components': 24},deriv,1,7,2,24,500,500,full,19.868076652645087,0.09950609811474224,-0.4127982003077389,N/A
88,regression,NeuralBoosted,"{'n_estimators': 100, 'learning_rate': 0.1, 'hidden_layer_size': 5, 'activation': 'tanh'}",deriv,1,7,2,,100,500,top100,21.484544025598296,-0.0268386537518166,-0.40991752379711816,N/A
89,regression,PLS,{'n_components': 12},snv,,,,12,500,500,full,20.498010615200396,0.04980760533679759,-0.4088497703818086,N/A
90,regression,PLS,{'n_components': 10},snv,,,,10,500,500,full,20.606669865684136,0.03936375583159124,-0.4072704124705627,N/A
91,regression,PLS,{'n_components': 10},snv_deriv,1,7,2,10,500,500,full,20.63031353864113,0.02984372950424352,-0.40278999754401645,N/A
92,regression,NeuralBoosted,"{'n_estimators': 100, 'learning_rate': 0.1, 'hidden_layer_size': 3, 'activation': 'tanh'}",snv_deriv,1,7,2,,100,500,top100,21.6127208173925,-0.03164810150441392,-0.40110039918950174,N/A
93,regression,PLS,{'n_components': 16},snv,,,,16,500,500,full,20.42431136628043,0.054935977386012524,-0.39870066074665267,N/A
94,regression,NeuralBoosted,"{'n_estimators': 100, 'learning_rate': 0.1, 'hidden_layer_size': 3, 'activation': 'tanh'}",raw,,,,,500,500,full,21.263664973515674,0.0029333100286323597,-0.39818253208370646,N/A
95,regression,PLS,{'n_components': 20},snv,,,,20,500,500,full,20.404385820047693,0.05657004536089649,-0.3843643626024862,N/A
96,regression,PLS,{'n_components': 16},snv_deriv,1,7,2,16,500,500,full,20.6342973598456,0.02497880788638403,-0.3769570474811904,N/A
97,regression,PLS,{'n_components': 20},snv_deriv,1,7,2,20,500,500,full,20.538817297541943,0.03269078954830177,-0.3688901624238706,N/A
98,regression,PLS,{'n_components': 24},snv,,,,24,500,500,full,20.40360323621146,0.05664129434506027,-0.36843204258000756,N/A
99,regression,PLS,{'n_components': 12},snv_deriv,1,7,2,12,500,500,full,20.93924237681853,-8.615850143826413e-05,-0.3674765961082872,N/A
100,regression,NeuralBoosted,"{'n_estimators': 100, 'learning_rate': 0.1, 'hidden_layer_size': 3, 'activation': 'identity'}",snv_deriv,1,7,2,,500,500,full,21.612947337605846,-0.04288151928568862,-0.3633423268329047,N/A
101,regression,NeuralBoosted,"{'n_estimators': 100, 'learning_rate': 0.1, 'hidden_layer_size': 5, 'activation': 'identity'}",snv_deriv,1,7,2,,500,500,full,21.615474120897606,-0.04350499003626248,-0.36299373912155364,N/A
102,regression,NeuralBoosted,"{'n_estimators': 100, 'learning_rate': 0.1, 'hidden_layer_size': 5, 'activation': 'tanh'}",raw,,,,,100,500,top100,22.128457972859906,-0.074791880739365,-0.35775782307944864,N/A
103,regression,NeuralBoosted,"{'n_estimators': 100, 'learning_rate': 0.2, 'hidden_layer_size': 5, 'activation': 'identity'}",snv_deriv,1,7,2,,500,500,full,21.69943554866394,-0.05276711112981373,-0.3551976219326495,N/A
104,regression,PLS,{'n_components': 6},snv_deriv,1,7,2,6,50,500,top50,21.979570284160587,-0.07860294615567413,-0.3549038599081809,N/A
105,regression,PLS,{'n_components': 24},snv_deriv,1,7,2,24,500,500,full,20.538764517844253,0.032729505947100855,-0.3529059378650771,N/A
106,regression,NeuralBoosted,"{'n_estimators': 100, 'learning_rate': 0.2, 'hidden_layer_size': 3, 'activation': 'identity'}",snv_deriv,1,7,2,,500,500,full,21.727819318066626,-0.05508876689406409,-0.35282969635684247,N/A
107,regression,NeuralBoosted,"{'n_estimators': 100, 'learning_rate': 0.1, 'hidden_layer_size': 5, 'activation': 'tanh'}",raw,,,,,500,500,full,21.809446776158506,-0.04412529846807086,-0.3518516857581956,N/A
108,regression,NeuralBoosted,"{'n_estimators': 100, 'learning_rate': 0.1, 'hidden_layer_size': 5, 'activation': 'tanh'}",raw,,,,,50,500,top50,22.367926426352934,-0.09701793316334999,-0.35091880331259945,N/A
109,regression,NeuralBoosted,"{'n_estimators': 100, 'learning_rate': 0.1, 'hidden_layer_size': 5, 'activation': 'tanh'}",snv_deriv,1,7,2,,100,500,top100,22.192261776966593,-0.0951516780791248,-0.347429424030259,N/A
110,regression,NeuralBoosted,"{'n_estimators': 100, 'learning_rate': 0.1, 'hidden_layer_size': 3, 'activation': 'tanh'}",raw,,,,,50,500,top50,22.404047232006405,-0.10156723164947867,-0.3473781808574447,N/A
111,regression,NeuralBoosted,"{'n_estimators': 100, 'learning_rate': 0.2, 'hidden_layer_size': 5, 'activation': 'tanh'}",snv_deriv,1,7,2,,500,500,full,21.866937575696028,-0.1018641379602641,-0.3295218621132845,N/A
112,regression,NeuralBoosted,"{'n_estimators': 100, 'learning_rate': 0.1, 'hidden_layer_size': 5, 'activation': 'tanh'}",snv_deriv,1,7,2,,500,500,full,21.967914651818386,-0.08593614565991659,-0.32909409379232235,N/A
113,regression,NeuralBoosted,"{'n_estimators': 100, 'learning_rate': 0.2, 'hidden_layer_size': 3, 'activation': 'tanh'}",raw,,,,,50,500,top50,22.636316034964384,-0.12765863068979222,-0.3256561804355373,N/A
114,regression,NeuralBoosted,"{'n_estimators': 100, 'learning_rate': 0.2, 'hidden_layer_size': 5, 'activation': 'tanh'}",raw,,,,,100,500,top100,22.522505345525747,-0.11834044925774505,-0.3211427989895351,N/A
115,regression,PLS,{'n_components': 10},raw,,,,10,100,500,top100,22.006238263187992,-0.0996468024904631,-0.31643212803474563,N/A
116,regression,NeuralBoosted,"{'n_estimators': 100, 'learning_rate': 0.1, 'hidden_layer_size': 5, 'activation': 'tanh'}",snv_deriv,1,7,2,,50,500,top50,22.8016631282447,-0.1483652393815552,-0.30948769562258244,N/A
117,regression,NeuralBoosted,"{'n_estimators': 100, 'learning_rate': 0.2, 'hidden_layer_size': 5, 'activation': 'tanh'}",raw,,,,,50,500,top50,22.86955933181392,-0.14952330052670396,-0.30527657560264854,N/A
118,regression,NeuralBoosted,"{'n_estimators': 100, 'learning_rate': 0.2, 'hidden_layer_size': 5, 'activation': 'tanh'}",snv_deriv,1,7,2,,100,500,top100,22.805897020242032,-0.18179786285918353,-0.2841852082784938,N/A
119,regression,PLS,{'n_components': 8},deriv,1,7,2,8,50,500,top50,23.090017764328824,-0.1835672044027236,-0.24959142305917772,N/A
120,regression,PLS,{'n_components': 10},snv,,,,10,100,500,top100,22.978977125093138,-0.1845987273861426,-0.2335002793672036,N/A
121,regression,NeuralBoosted,"{'n_estimators': 100, 'learning_rate': 0.2, 'hidden_layer_size': 3, 'activation': 'tanh'}",snv_deriv,1,7,2,,50,500,top50,23.787832072360533,-0.26362254538510116,-0.2157797524608303,N/A
122,regression,PLS,{'n_components': 2},snv,,,,2,50,500,top50,23.80347396746558,-0.2565012115377919,-0.2092520851918322,N/A
123,regression,PLS,{'n_components': 6},deriv,1,7,2,6,100,500,top100,23.419656774045993,-0.23616639348795712,-0.2076048493777029,N/A
124,regression,NeuralBoosted,"{'n_estimators': 100, 'learning_rate': 0.1, 'hidden_layer_size': 3, 'activation': 'identity'}",snv,,,,,100,500,top100,23.71484801876846,-0.28200728193670205,-0.19980591038951234,N/A
125,regression,PLS,{'n_components': 12},raw,,,,12,100,500,top100,23.28616902453705,-0.23358669087485337,-0.19198428199011483,N/A
126,regression,NeuralBoosted,"{'n_estimators': 100, 'learning_rate': 0.2, 'hidden_layer_size': 5, 'activation': 'tanh'}",snv_deriv,1,7,2,,50,500,top50,24.065994924126255,-0.2983937558674998,-0.18860054081814484,N/A
127,regression,PLS,{'n_components': 4},snv,,,,4,50,500,top50,24.024606262511412,-0.2894126895938336,-0.17790331342287008,N/A
128,regression,NeuralBoosted,"{'n_estimators': 100, 'learning_rate': 0.2, 'hidden_layer_size': 3, 'activation': 'tanh'}",snv,,,,,50,500,top50,24.316156514751842,-0.29809683544671306,-0.1745935551669336,N/A
129,regression,NeuralBoosted,"{'n_estimators': 100, 'learning_rate': 0.1, 'hidden_layer_size': 5, 'activation': 'tanh'}",snv,,,,,50,500,top50,24.370150019108326,-0.3091220324105893,-0.1679042870164372,N/A
130,regression,PLS,{'n_components': 6},snv_deriv,1,7,2,6,100,500,top100,23.998685466674868,-0.2922387954615249,-0.15641947775312987,N/A
131,regression,NeuralBoosted,"{'n_estimators': 100, 'learning_rate': 0.1, 'hidden_layer_size': 3, 'activation': 'tanh'}",snv,,,,,50,500,top50,24.957536776206677,-0.3890349392753683,-0.10836606726826717,N/A
132,regression,PLS,{'n_components': 16},raw,,,,16,100,500,top100,24.31299249688519,-0.3379933869093521,-0.08357124109477054,N/A
133,regression,NeuralBoosted,"{'n_estimators': 100, 'learning_rate': 0.2, 'hidden_layer_size': 5, 'activation': 'tanh'}",snv,,,,,50,500,top50,25.220028601155253,-0.42468384023649003,-0.08178029167654821,N/A
134,regression,PLS,{'n_components': 8},snv_deriv,1,7,2,8,50,500,top50,25.136851061367057,-0.41496117406888994,-0.05768446457279297,N/A
135,regression,PLS,{'n_components': 10},deriv,1,7,2,10,50,500,top50,25.11836759931906,-0.40236295868311805,-0.054891563755424255,N/A
136,regression,PLS,{'n_components': 20},raw,,,,20,100,500,top100,24.529820022173723,-0.36471988205878664,-0.046509923348235754,N/A
137,regression,NeuralBoosted,"{'n_estimators': 100, 'learning_rate': 0.1, 'hidden_layer_size': 3, 'activation': 'identity'}",snv,,,,,500,500,full,25.248796973934905,-0.43425816062088324,-0.028950346177645386,N/A
138,regression,PLS,{'n_components': 24},raw,,,,24,100,500,top100,24.567534165680865,-0.3701788183199446,-0.026578738904226074,N/A
139,regression,NeuralBoosted,"{'n_estimators': 100, 'learning_rate': 0.2, 'hidden_layer_size': 3, 'activation': 'identity'}",snv,,,,,500,500,full,25.35882561056452,-0.4498924306477041,-0.017577842103487368,N/A
140,regression,NeuralBoosted,"{'n_estimators': 100, 'learning_rate': 0.1, 'hidden_layer_size': 3, 'activation': 'identity'}",snv,,,,,50,500,top50,26.180770698533184,-0.5709644425841808,0.02075017162071752,N/A
141,regression,PLS,{'n_components': 8},deriv,1,7,2,8,100,500,top100,25.78385748845747,-0.5061411667405354,0.022951274404144198,N/A
142,regression,NeuralBoosted,"{'n_estimators': 100, 'learning_rate': 0.1, 'hidden_layer_size': 5, 'activation': 'identity'}",snv,,,,,500,500,full,26.12204359789547,-0.5294339430980587,0.05175168891342394,N/A
143,regression,NeuralBoosted,"{'n_estimators': 100, 'learning_rate': 0.2, 'hidden_layer_size': 5, 'activation': 'identity'}",snv,,,,,500,500,full,26.492215966486196,-0.5760958348323492,0.08804979494354814,N/A
144,regression,PLS,{'n_components': 6},raw,,,,6,50,500,top50,26.82588614963132,-0.6439803082084066,0.1052632369904872,N/A
145,regression,PLS,{'n_components': 12},snv,,,,12,100,500,top100,27.08887343342239,-0.6427069382201277,0.15768163456725742,N/A
146,regression,PLS,{'n_components': 6},snv,,,,6,50,500,top50,27.28073184509405,-0.7551452069186122,0.1676600397588384,N/A
147,regression,PLS,{'n_components': 10},deriv,1,7,2,10,100,500,top100,27.173088912286474,-0.7056797161092879,0.17524862766368215,N/A
148,regression,PLS,{'n_components': 12},deriv,1,7,2,12,50,500,top50,27.71050737352127,-0.7195223844883615,0.2041157859314091,N/A
149,regression,NeuralBoosted,"{'n_estimators': 100, 'learning_rate': 0.2, 'hidden_layer_size': 3, 'activation': 'identity'}",deriv,1,7,2,,500,500,full,28.50724953479239,-0.9006427184500808,0.3089597739397625,N/A
150,regression,NeuralBoosted,"{'n_estimators': 100, 'learning_rate': 0.1, 'hidden_layer_size': 3, 'activation': 'identity'}",deriv,1,7,2,,500,500,full,28.81452539844552,-0.9280983454349556,0.3353619919629323,N/A
151,regression,PLS,{'n_components': 10},snv_deriv,1,7,2,10,50,500,top50,29.197336128843073,-0.9219402105153521,0.34686795951153215,N/A
152,regression,PLS,{'n_components': 12},deriv,1,7,2,12,100,500,top100,29.790685198388957,-1.0123449088753094,0.4322219649243805,N/A
153,regression,PLS,{'n_components': 8},raw,,,,8,50,500,top50,30.237588342362155,-1.0788390117164182,0.44939187108173695,N/A
154,regression,PLS,{'n_components': 16},deriv,1,7,2,16,50,500,top50,30.372049409032225,-1.0678838536869817,0.48535160672119193,N/A
155,regression,PLS,{'n_components': 8},snv_deriv,1,7,2,8,100,500,top100,30.746713834985737,-1.176094979062718,0.5242620075057107,N/A
156,regression,NeuralBoosted,"{'n_estimators': 100, 'learning_rate': 0.1, 'hidden_layer_size': 5, 'activation': 'identity'}",deriv,1,7,2,,500,500,full,30.90784981489504,-1.2106938812123085,0.5468173673257413,N/A
157,regression,PLS,{'n_components': 20},deriv,1,7,2,20,50,500,top50,30.857782229199145,-1.1488364836974236,0.555501885283459,N/A
158,regression,PLS,{'n_components': 24},deriv,1,7,2,24,50,500,top50,31.09996989839055,-1.1519244790981646,0.5861783093120629,N/A
159,regression,PLS,{'n_components': 10},raw,,,,10,50,500,top50,32.105702088532034,-1.327090850052806,0.6447950323726154,N/A
160,regression,NeuralBoosted,"{'n_estimators': 100, 'learning_rate': 0.2, 'hidden_layer_size': 5, 'activation': 'identity'}",deriv,1,7,2,,50,500,top50,32.67389362212595,-1.391111289400304,0.6579969528814174,N/A
161,regression,NeuralBoosted,"{'n_estimators': 100, 'learning_rate': 0.2, 'hidden_layer_size': 5, 'activation': 'identity'}",deriv,1,7,2,,500,500,full,32.02888287321573,-1.3686076787340167,0.6622315916277772,N/A
162,regression,NeuralBoosted,"{'n_estimators': 100, 'learning_rate': 0.2, 'hidden_layer_size': 3, 'activation': 'identity'}",deriv,1,7,2,,50,500,top50,32.94753733842069,-1.4943189967407724,0.7075462185767121,N/A
163,regression,PLS,{'n_components': 16},snv,,,,16,100,500,top100,33.32160032714068,-1.4625583002845008,0.7961485230717713,N/A
164,regression,NeuralBoosted,"{'n_estimators': 100, 'learning_rate': 0.2, 'hidden_layer_size': 3, 'activation': 'identity'}",snv,,,,,50,500,top50,32.59279763954988,-1.8647499833092211,0.8100076874268318,N/A
165,regression,NeuralBoosted,"{'n_estimators': 100, 'learning_rate': 0.1, 'hidden_layer_size': 5, 'activation': 'identity'}",deriv,1,7,2,,100,500,top100,33.95320623336982,-1.6168127451966672,0.8187570487433427,N/A
166,regression,NeuralBoosted,"{'n_estimators': 100, 'learning_rate': 0.2, 'hidden_layer_size': 3, 'activation': 'identity'}",snv_deriv,1,7,2,,100,500,top100,34.3682185903041,-1.6446516494650272,0.8513606065328077,N/A
167,regression,PLS,{'n_components': 8},snv,,,,8,50,500,top50,33.17954364042712,-1.7985671518738533,0.8532110489888002,N/A
168,regression,PLS,{'n_components': 12},snv_deriv,1,7,2,12,50,500,top50,34.037533802962244,-1.6110787386678762,0.8556050872791651,N/A
169,regression,PLS,{'n_components': 12},raw,,,,12,50,500,top50,34.4268894382163,-1.6769070213851223,0.899321165786242,N/A
170,regression,NeuralBoosted,"{'n_estimators': 100, 'learning_rate': 0.2, 'hidden_layer_size': 5, 'activation': 'identity'}",deriv,1,7,2,,100,500,top100,35.42279504556374,-1.8039119082029849,0.9634728676079909,N/A
171,regression,PLS,{'n_components': 10},snv_deriv,1,7,2,10,100,500,top100,35.2432232604047,-1.9127239832448915,1.0293207503749195,N/A
172,regression,NeuralBoosted,"{'n_estimators': 100, 'learning_rate': 0.1, 'hidden_layer_size': 3, 'activation': 'identity'}",deriv,1,7,2,,50,500,top50,36.600269201105085,-2.0003284607964837,1.0807872911596712,N/A
173,regression,NeuralBoosted,"{'n_estimators': 100, 'learning_rate': 0.1, 'hidden_layer_size': 5, 'activation': 'identity'}",deriv,1,7,2,,50,500,top50,36.19242054532565,-2.1031816580338076,1.0917939948535902,N/A
174,regression,PLS,{'n_components': 16},deriv,1,7,2,16,100,500,top100,36.01755661972529,-1.8988718064555188,1.0924013917370035,N/A
175,regression,NeuralBoosted,"{'n_estimators': 100, 'learning_rate': 0.2, 'hidden_layer_size': 3, 'activation': 'identity'}",deriv,1,7,2,,100,500,top100,36.70195320832016,-2.085710159560397,1.1287585984676607,N/A
176,regression,PLS,{'n_components': 20},snv,,,,20,100,500,top100,36.30934646780989,-1.9171627951726353,1.1309006473649832,N/A
177,regression,PLS,{'n_components': 20},deriv,1,7,2,20,100,500,top100,36.06237047183444,-1.9833440046070852,1.1388543895534224,N/A
178,regression,PLS,{'n_components': 16},snv_deriv,1,7,2,16,50,500,top50,36.9556121652491,-2.0966399297707063,1.1966632270000988,N/A
179,regression,PLS,{'n_components': 16},raw,,,,16,50,500,top50,37.186731501621175,-2.141780509074213,1.2246180067480332,N/A
180,regression,PLS,{'n_components': 24},snv,,,,24,100,500,top100,37.804789062563025,-2.1750062966117607,1.3164620353736471,N/A
181,regression,PLS,{'n_components': 20},snv_deriv,1,7,2,20,50,500,top50,38.04643521399035,-2.2634873349109257,1.329327504648746,N/A
182,regression,PLS,{'n_components': 12},snv_deriv,1,7,2,12,100,500,top100,38.336440880339715,-2.506750352759878,1.4081121676460762,N/A
183,regression,NeuralBoosted,"{'n_estimators': 100, 'learning_rate': 0.1, 'hidden_layer_size': 3, 'activation': 'identity'}",snv_deriv,1,7,2,,100,500,top100,39.28980411217218,-2.536498760327165,1.4237014522301763,N/A
184,regression,NeuralBoosted,"{'n_estimators': 100, 'learning_rate': 0.1, 'hidden_layer_size': 5, 'activation': 'identity'}",snv_deriv,1,7,2,,50,500,top50,39.59623121201684,-2.5648195944831937,1.4363307908661958,N/A
185,regression,PLS,{'n_components': 20},raw,,,,20,50,500,top50,39.15036295718617,-2.457260312047356,1.4556321772518932,N/A
186,regression,PLS,{'n_components': 24},deriv,1,7,2,24,100,500,top100,39.014573148821945,-2.434838788000913,1.4705743666447262,N/A
187,regression,PLS,{'n_components': 24},raw,,,,24,50,500,top50,39.51125915586209,-2.515083355891853,1.511097091462299,N/A
188,regression,PLS,{'n_components': 10},snv,,,,10,50,500,top50,38.380043269532635,-2.914242323856922,1.5232749853402578,N/A
189,regression,PLS,{'n_components': 24},snv_deriv,1,7,2,24,50,500,top50,39.548196910052404,-2.5912200651236414,1.538350319371225,N/A
190,regression,PLS,{'n_components': 16},snv_deriv,1,7,2,16,100,500,top100,39.65326866954894,-2.6741301172041965,1.5536955246099362,N/A
191,regression,NeuralBoosted,"{'n_estimators': 100, 'learning_rate': 0.1, 'hidden_layer_size': 3, 'activation': 'identity'}",deriv,1,7,2,,100,500,top100,40.99782111878537,-2.813436140177051,1.6115610339821138,N/A
192,regression,NeuralBoosted,"{'n_estimators': 100, 'learning_rate': 0.1, 'hidden_layer_size': 5, 'activation': 'identity'}",snv,,,,,50,500,top50,41.823489481597214,-3.023826407162145,1.7136588501022987,N/A
193,regression,NeuralBoosted,"{'n_estimators': 100, 'learning_rate': 0.1, 'hidden_layer_size': 5, 'activation': 'identity'}",snv_deriv,1,7,2,,100,500,top100,42.62140748672574,-3.0726114509374134,1.788787990018149,N/A
194,regression,PLS,{'n_components': 20},snv_deriv,1,7,2,20,100,500,top100,43.32561849157565,-3.525814622167084,2.0583216738671046,N/A
195,regression,NeuralBoosted,"{'n_estimators': 100, 'learning_rate': 0.1, 'hidden_layer_size': 3, 'activation': 'identity'}",snv_deriv,1,7,2,,50,500,top50,44.935602804347816,-3.5383365849618458,2.05922791614725,N/A
196,regression,NeuralBoosted,"{'n_estimators': 100, 'learning_rate': 0.2, 'hidden_layer_size': 3, 'activation': 'identity'}",snv_deriv,1,7,2,,50,500,top50,46.681201786444255,-3.883399810807014,2.271728686875654,N/A
197,regression,PLS,{'n_components': 24},snv_deriv,1,7,2,24,100,500,top100,45.13975277934539,-3.8455884635056186,2.282326168691735,N/A
198,regression,PLS,{'n_components': 12},snv,,,,12,50,500,top50,45.160474224456415,-4.749626411960151,2.520355192046458,N/A
199,regression,NeuralBoosted,"{'n_estimators': 100, 'learning_rate': 0.2, 'hidden_layer_size': 5, 'activation': 'identity'}",snv_deriv,1,7,2,,100,500,top100,50.05730108964397,-4.756653355701032,2.764792709605901,N/A
200,regression,NeuralBoosted,"{'n_estimators': 100, 'learning_rate': 0.2, 'hidden_layer_size': 5, 'activation': 'identity'}",snv,,,,,50,500,top50,50.50250548789225,-5.592452131517959,3.0521962128424005,N/A
201,regression,NeuralBoosted,"{'n_estimators': 100, 'learning_rate': 0.2, 'hidden_layer_size': 5, 'activation': 'identity'}",snv_deriv,1,7,2,,50,500,top50,53.46619056245229,-5.903982526932857,3.3222918878991288,N/A
202,regression,PLS,{'n_components': 16},snv,,,,16,50,500,top50,56.097439655409495,-7.9110788612375424,4.198191493860439,N/A
203,regression,PLS,{'n_components': 20},snv,,,,20,50,500,top50,59.66694195525853,-8.395706677661147,4.575671042608612,N/A
204,regression,PLS,{'n_components': 24},snv,,,,24,50,500,top50,63.472691266051946,-9.465277783352493,5.1598513401036366,N/A
